epoch,loss,acc
1,3.114289751128545,0.20440383184523808
